month,total_loans,total_defaults,stealth_defaults,captured_defaults,realized_default_rate,stealth_default_rate,macro_stress_score,uncertainty_pressure,liquidity_disruption,unemployment_rate,fed_funds_rate,cpi_inflation,treasury_spread,recession_indicator,spy_monthly_return,spy_monthly_vol,vix_monthly_mean
2007-06-01,1,0,0,0,0.0,0.0,0.172,0.03,0.0,4.6,5.25,2.692765113974227,0.12238095238095237,0.0,-0.014620463431982866,0.14686890682244555,14.947618938627697
2007-07-01,30,0,0,0,0.0,0.0,0.167,0.04,0.04,4.7,5.26,2.3178905864958077,0.18523809523809526,0.0,-0.0313105441984346,0.17189470970010032,17.273333277021134
2007-08-01,33,7,5,2,0.21212121212121213,0.7142857142857143,0.242,0.09,0.37,4.6,5.02,1.897448478900876,0.3617391304347826,0.0,0.012832685575839164,0.22493749149378198,25.026086724322774
2007-09-01,18,3,3,0,0.16666666666666666,1.0,0.267,0.17,0.27,4.7,4.94,2.8338264299802685,0.51,0.0,0.038714481503210996,0.14781279271775136,22.19894740456029
2007-10-01,47,10,8,2,0.2127659574468085,0.8,0.2355,0.22,0.0,4.7,4.76,3.610698365527476,0.56,0.0,0.013567209835607885,0.13934616035076453,19.115652084350586
2007-11-01,37,7,7,0,0.1891891891891892,1.0,0.2635,0.23,0.3,4.7,4.49,4.373267326732666,0.8119999999999999,0.0,-0.038732940188149545,0.26622737171445066,25.582380930582683
2007-12-01,85,18,15,3,0.21176470588235294,0.8333333333333334,0.4295,0.23,0.54,5.0,4.24,4.108813392417532,0.9804999999999999,0.0,-0.0112607818802134,0.17985711839279855,21.651000022888184
2008-01-01,171,31,27,4,0.18128654970760233,0.8709677419354839,0.2269999999999999,0.25,0.0,5.0,3.94,4.294695655165981,1.2685714285714287,1.0,-0.06046092909960643,0.22533813750206555,25.816190719604492
2008-02-01,174,25,19,6,0.14367816091954022,0.76,0.3025,0.26,0.07,4.9,2.98,4.142959270611968,1.7645,1.0,-0.025842747488171725,0.1813395578592436,25.456000137329102
2008-03-01,236,40,37,3,0.1694915254237288,0.925,0.2845,0.29,0.19,5.1,2.61,3.9749035501344343,1.893,1.0,-0.008942088155301953,0.27828744526419047,27.103500080108642
2008-04-01,155,27,26,1,0.17419354838709677,0.9629629629629629,0.491,0.3,0.53,5.0,2.28,3.9037609759888126,1.627727272727273,1.0,0.04766213057706148,0.17701223212619618,21.562727321277965
2008-05-01,71,10,10,0,0.14084507042253522,1.0,0.2714999999999999,0.32,0.1,5.4,1.98,4.088413823123993,1.4342857142857142,1.0,0.015116721202817152,0.1499007340289824,18.303333009992325
2008-06-01,66,7,7,0,0.10606060606060606,1.0,0.237,0.32,0.0,5.6,2.0,4.935966105947864,1.3257142857142856,1.0,-0.08357586467834133,0.18852818989828243,22.11047617594401
2008-07-01,83,17,17,0,0.20481927710843373,1.0,0.288,0.33,0.28,5.8,2.01,5.497512078341837,1.4345454545454546,1.0,-0.00898582818994631,0.2196233365930214,24.32136362249201
2008-08-01,71,6,6,0,0.08450704225352113,1.0,0.2945,0.31,0.11,6.1,2.0,5.308017162091239,1.4652380952380952,1.0,0.015453636338614407,0.19648454515477717,20.695714133126394
2008-09-01,32,5,5,0,0.15625,1.0,0.251,0.31,0.07,6.1,1.81,4.953319875136075,1.61,1.0,-0.09417357962913053,0.48009786215812517,30.238571348644438
2008-10-01,96,15,15,0,0.15625,1.0,0.598,0.33,1.0,6.5,0.97,3.7310578899565128,2.2018181818181817,1.0,-0.16518650265972556,0.8980481072639076,61.1773912181025
2008-11-01,184,31,26,5,0.16847826086956522,0.8387096774193549,0.7394999999999999,0.38,1.0,6.8,0.39,1.0999174706166848,2.3138888888888887,1.0,-0.06960683757713049,0.7093403482578681,62.639473362972865
2008-12-01,223,33,26,7,0.14798206278026907,0.7878787878787878,0.747,0.42,1.0,7.3,0.16,-0.02222800255385904,1.5954545454545455,1.0,0.009796508373349777,0.4597889024725656,52.405000166459516
2009-01-01,239,28,24,4,0.11715481171548117,0.8571428571428571,0.5665,0.45,0.0,7.8,0.15,-0.11358601902212717,1.7105000000000001,1.0,-0.08211471998753261,0.38739056372563047,44.68300018310547
2009-02-01,260,34,26,8,0.13076923076923078,0.7647058823529411,0.544,0.43,0.07,8.3,0.22,0.008463140671510772,1.894736842105263,1.0,-0.10744865593691755,0.34451682853524074,45.57052592227333
2009-03-01,276,31,24,7,0.11231884057971014,0.7741935483870968,0.6275000000000001,0.44,0.13,8.7,0.18,-0.4464787676623838,1.8881818181818182,1.0,0.08331079005341135,0.477874856215391,44.7954548922452
2009-04-01,290,40,33,7,0.13793103448275862,0.825,0.546,0.46,0.06,9.0,0.15,-0.5763244243767063,2.0,1.0,0.09934620685342943,0.29470381039690824,38.063809349423366
2009-05-01,319,42,40,2,0.13166144200626959,0.9523809523809523,0.601,0.5,0.0,9.4,0.18,-1.015761495855172,2.3635,1.0,0.05845336069706386,0.27584113051755427,31.97799997329712
2009-06-01,356,43,38,5,0.12078651685393259,0.8837209302325582,0.491,0.47,0.0,9.5,0.21,-1.2291746182109153,2.5377272727272726,1.0,-0.0006547847874989188,0.19889638423456182,29.140454725785688
2009-07-01,374,47,39,8,0.12566844919786097,0.8297872340425532,0.3505,0.48,0.0,9.5,0.16,-1.9587610037622771,2.5431818181818184,0.0,0.07460542943613757,0.19865704359665606,26.16272735595703
2009-08-01,408,40,32,8,0.09803921568627451,0.8,0.3395,0.49,0.0,9.6,0.16,-1.4838355663267633,2.4719047619047623,0.0,0.0369398079757115,0.16404913988204298,25.33714285350981
2009-09-01,449,57,41,16,0.12694877505567928,0.7192982456140351,0.316,0.49,0.0,9.8,0.15,-1.377942862886472,2.4457142857142857,0.0,0.03545718913861928,0.15142204660214897,24.926666713896253
2009-10-01,545,87,72,15,0.1596330275229358,0.8275862068965517,0.279,0.46,0.0,10.0,0.12,-0.22396829420033848,2.4385714285714286,0.0,-0.01922531921890247,0.21199998211796883,24.252272865988992
2009-11-01,602,83,68,15,0.1378737541528239,0.8192771084337349,0.315,0.44,0.0,9.9,0.12,1.9145871744709275,2.599473684210526,0.0,0.06160650365555442,0.15256469059722988,23.783499908447265
2009-12-01,598,62,47,15,0.10367892976588629,0.7580645161290323,0.2945,0.44,0.0,9.9,0.12,2.8141231232083674,2.7154545454545453,0.0,0.019101231510327388,0.10435773015303564,21.239545475352894
2010-01-01,589,76,61,15,0.12903225806451613,0.8026315789473685,0.2764999999999999,0.43,0.0,9.8,0.11,2.6211113889767157,2.8042105263157895,0.0,-0.03634241357640844,0.16699427778558745,20.643157758210833
2010-02-01,627,63,47,16,0.10047846889952153,0.746031746031746,0.265,0.42,0.0,9.8,0.13,2.151336357866529,2.8342105263157897,0.0,0.03119450484039521,0.17486479588796458,22.540000012046413
2010-03-01,737,69,61,8,0.09362279511533243,0.8840579710144928,0.282,0.44,0.0,9.9,0.16,2.2861714393279886,2.7686956521739132,0.0,0.06088012770035478,0.07551817385842281,17.767391287762187
2010-04-01,827,82,62,20,0.09915356711003627,0.7560975609756098,0.286,0.47,0.0,9.9,0.2,2.2067707525304403,2.786363636363636,0.0,0.015469455305196611,0.1506472522847242,17.42428566160656
2010-05-01,920,125,80,45,0.1358695652173913,0.64,0.2575,0.45,0.0,9.6,0.2,2.003548929218568,2.5895,0.0,-0.07945458404092853,0.3202867610270405,31.929500007629393
2010-06-01,1029,166,90,76,0.16132167152575316,0.5421686746987951,0.4985,0.49,0.06,9.4,0.18,1.1215605940686268,2.4795454545454545,0.0,-0.05174037521001151,0.2552218206443861,29.91636371612549
2010-07-01,1119,137,77,60,0.1224307417336908,0.5620437956204379,0.2575,0.46,0.02,9.4,0.18,1.3407784804821077,2.394761904761905,0.0,0.06830044397428048,0.19701570163106247,25.565237862723215
2010-08-01,1078,148,73,75,0.137291280148423,0.49324324324324326,0.277,0.46,0.0,9.5,0.19,1.1501775395112546,2.178181818181818,0.0,-0.04498039966894385,0.17569477136691372,24.745908997275613
2010-09-01,1087,175,91,84,0.1609935602575897,0.52,0.229,0.43,0.0,9.5,0.19,1.1183122472331775,2.1676190476190476,0.0,0.08955456790313021,0.15683779111350546,22.51761899675642
2010-10-01,1133,161,86,75,0.14210061782877317,0.5341614906832298,0.2074999999999999,0.41,0.0,9.4,0.19,1.1666951489314625,2.164,0.0,0.038202106455897056,0.10356403550005204,20.3733332497733
2010-11-01,1121,142,81,61,0.12667261373773417,0.5704225352112676,0.1845,0.38,0.0,9.8,0.19,1.084544776600338,2.309,0.0,2.220446049250313e-16,0.14908425926620128,20.095714387439546
2010-12-01,1269,143,85,58,0.11268715524034673,0.5944055944055944,0.1615,0.35,0.0,9.3,0.18,1.437793022217937,2.6727272727272724,0.0,0.0668521991856359,0.08588802290639574,17.569545529105447
2011-01-01,1380,186,108,78,0.13478260869565217,0.5806451612903226,0.147,0.33,0.0,9.1,0.17,1.7007834915029774,2.7794999999999996,0.0,0.02330043148976646,0.10211782217526039,17.31549987792969
2011-02-01,1298,169,87,82,0.13020030816640987,0.514792899408284,0.1305,0.31,0.0,9.0,0.16,2.124898173333145,2.803684210526316,0.0,0.034737025266703636,0.11670749116280953,17.4299999036287
2011-03-01,1448,210,98,112,0.14502762430939226,0.4666666666666667,0.1265,0.3,0.0,9.0,0.14,2.619241510354109,2.7169565217391307,0.0,0.00012009420071956711,0.16324865072758543,20.72347815140434
2011-04-01,1563,222,120,102,0.1420345489443378,0.5405405405405406,0.1395,0.31,0.0,9.1,0.1,3.0772344447868694,2.7205000000000004,0.0,0.02896130539862618,0.08834084408980739,16.244000005722047
2011-05-01,1704,290,125,165,0.17018779342723006,0.43103448275862066,0.126,0.31,0.0,9.0,0.09,3.4589718808964998,2.6133333333333333,0.0,-0.011214584945043127,0.10738920394906362,16.911428587777273
2011-06-01,1835,271,139,132,0.14768392370572206,0.5129151291512916,0.1245,0.31,0.0,9.1,0.09,3.5023181506360412,2.591818181818182,0.0,-0.01686940052287622,0.1652021694385498,19.15318202972412
2011-07-01,1875,282,142,140,0.1504,0.5035460992907801,0.0985,0.3,0.0,9.0,0.07,3.5798809769996165,2.5965,0.0,-0.02000451815675186,0.15627367127628972,19.22749991416931
2011-08-01,1934,271,141,130,0.14012409513960702,0.5202952029520295,0.0985,0.29,0.0,9.0,0.1,3.75499603070808,2.072608695652174,0.0,-0.054976048289993695,0.4595877257317608,35.02913035517154
2011-09-01,2067,308,159,149,0.1490082244799226,0.5162337662337663,0.2405,0.3,0.0,9.0,0.08,3.812621692818685,1.7638095238095237,0.0,-0.0694202088941619,0.29006134052711374,36.52999977838425
2011-10-01,2118,313,175,138,0.147780925401322,0.5591054313099042,0.32,0.3,0.0,8.8,0.07,3.5222681306640524,1.8715,0.0,0.10914660036235957,0.28932618409787914,32.82904770260765
2011-11-01,2232,344,163,181,0.15412186379928317,0.4738372093023256,0.3655,0.32,0.1,8.6,0.08,3.451432214581729,1.7600000000000002,0.0,-0.004063662979951088,0.3063591318047848,31.941904703776043
2011-12-01,2267,431,194,237,0.1901191001323335,0.45011600928074247,0.3715,0.33,0.21,8.5,0.07,3.062066838419386,1.720952380952381,0.0,0.010448275562936926,0.18849538752771883,25.047619047619047
2012-01-01,2602,440,243,197,0.16910069177555725,0.5522727272727272,0.232,0.38,0.0,8.3,0.08,3.0087663379855023,1.7260000000000002,0.0,0.04637489933939798,0.08733427185494176,20.227999877929687
2012-02-01,2560,421,253,168,0.164453125,0.6009501187648456,0.22,0.41,0.0,8.3,0.1,2.8981784423473878,1.6895,0.0,0.043405139071204024,0.0835134939352033,18.420499992370605
2012-03-01,2914,443,255,188,0.15202470830473575,0.5756207674943566,0.2009999999999999,0.42,0.0,8.2,0.13,2.5828752813320977,1.8281818181818181,0.0,0.032164013579824235,0.1140395250050292,16.16727287119085
2012-04-01,3230,496,261,235,0.15356037151702787,0.5262096774193549,0.1565,0.4,0.0,8.2,0.14,2.2731633741348567,1.7609523809523808,0.0,-0.00667549465230477,0.14408403670410636,17.822999906539916
2012-05-01,3400,569,299,270,0.1673529411764706,0.5254833040421792,0.142,0.38,0.0,8.2,0.16,1.7379429374660749,1.518181818181818,0.0,-0.060056225733469804,0.12963399250338403,21.001818136735395
2012-06-01,3817,714,322,392,0.18705789887346083,0.45098039215686275,0.1149999999999999,0.35,0.0,8.2,0.16,1.653870448297634,1.3304761904761906,0.0,0.04058137623520297,0.20651600159830671,21.130952290126256
2012-07-01,4627,819,373,446,0.17700453857791226,0.4554334554334554,0.1065,0.33,0.0,8.2,0.16,1.4175114798464783,1.2785714285714287,0.0,0.011829185767681105,0.140800153984781,17.565238180614653
2012-08-01,5419,884,413,471,0.1631297287322384,0.4671945701357466,0.102,0.32,0.0,8.1,0.13,1.6859349154821235,1.4095652173913045,0.0,0.02505324001078746,0.08922324091065502,15.689565119536027
2012-09-01,6087,951,463,488,0.15623459832429767,0.4868559411146162,0.0915,0.31,0.0,7.8,0.14,1.9497168982819613,1.4678947368421054,0.0,0.025350205291156946,0.11637595047053974,15.284736834074321
2012-10-01,6263,962,483,479,0.15360051093725052,0.502079002079002,0.0849999999999999,0.3,0.0,7.8,0.16,2.1556780595369363,1.469047619047619,0.0,-0.018198211314363943,0.10699045508585435,16.276190576099214
2012-11-01,6382,1029,494,535,0.16123472265747416,0.4800777453838678,0.0824999999999999,0.29,0.0,7.7,0.16,1.7960197033926262,1.386,0.0,0.005660137373967977,0.15264989741598636,16.70190484183175
2012-12-01,6066,916,430,486,0.15100560501153973,0.46943231441048033,0.08,0.28,0.0,7.9,0.16,1.7595049796895523,1.462,0.0,0.008934577119629417,0.11581129106506975,17.306999826431273
2013-01-01,6872,1050,493,557,0.15279394644935973,0.4695238095238095,0.0775,0.27,0.0,8.0,0.14,1.684061762098299,1.6495238095238096,0.0,0.05118976094430239,0.10009511964689827,13.505238124302455
2013-02-01,7561,1160,533,627,0.1534188599391615,0.45948275862068966,0.0755,0.27,0.0,7.7,0.15,2.0181404902574807,1.7168421052631577,0.0,0.012758947076735083,0.13382716129422476,14.07263163516396
2013-03-01,8273,1200,541,659,0.14505016318143357,0.4508333333333333,0.0755,0.27,0.0,7.5,0.14,1.5187472411246183,1.7015,0.0,0.03797115051882627,0.07613721410452964,13.031500005722046
2013-04-01,9419,1504,648,856,0.1596772481155112,0.4308510638297872,0.0665,0.25,0.0,7.6,0.15,1.138808047576867,1.526818181818182,0.0,0.01921200281612867,0.14137924406121846,13.967272715135055
2013-05-01,10350,1720,711,1009,0.16618357487922705,0.41337209302325584,0.0805,0.25,0.0,7.5,0.11,1.3903888279197085,1.6777272727272725,0.0,0.023610029743000194,0.10549736495903202,13.493636304681951
2013-06-01,10899,1761,735,1026,0.16157445637214424,0.41737649063032367,0.079,0.26,0.0,7.5,0.09,1.7157935271568725,1.9665,0.0,-0.013344584755178857,0.17351287257888767,17.271499919891358
2013-07-01,11910,1854,808,1046,0.15566750629722922,0.43581445523193096,0.12,0.28,0.0,7.3,0.09,1.885471805415806,2.2413636363636367,0.0,0.05167715828455299,0.07035690023664082,13.97454565221613
2013-08-01,12674,1941,838,1103,0.15314817737099573,0.431736218444101,0.109,0.3,0.0,7.2,0.08,1.538809488600279,2.380909090909091,0.0,-0.029992145431244177,0.10394963505315824,14.209999908100475
2013-09-01,12987,2052,845,1207,0.158004158004158,0.4117933723196881,0.1245,0.33,0.0,7.2,0.08,1.0947341081747997,2.4055,0.0,0.031646307314208366,0.08527867321461076,14.692000102996825
2013-10-01,14127,2217,903,1314,0.15693353153535783,0.40730717185385656,0.105,0.34,0.0,7.2,0.09,0.8767991434911471,2.2804545454545457,0.0,0.046306720997607353,0.12376178826936825,15.407826050468113
2013-11-01,14720,2266,956,1310,0.15394021739130434,0.42188879082082964,0.099,0.34,0.0,6.9,0.08,1.2328701961954458,2.4147368421052633,0.0,0.029637565276886324,0.0883967488107247,12.923999977111816
2013-12-01,15012,2299,923,1376,0.1531441513455902,0.40147890387124835,0.0945,0.33,0.0,6.7,0.09,1.5128383667573297,2.5619047619047617,0.0,0.025926313567365522,0.09728071490225139,14.192380905151367
2014-01-01,15614,2477,991,1486,0.1586396823363648,0.40008074283407347,0.0885,0.33,0.0,6.6,0.07,1.557758795574915,2.4642857142857144,0.0,-0.03524836709801171,0.1260621361714896,14.240952400934129
2014-02-01,15205,2525,967,1558,0.16606379480434066,0.382970297029703,0.09,0.32,0.0,6.7,0.07,1.1204746347724948,2.382631578947368,0.0,0.045515833425496144,0.12433794078885461,15.470000116448654
2014-03-01,16194,2749,997,1752,0.16975422996171421,0.3626773372135322,0.111,0.34,0.0,6.7,0.08,1.6126949139408042,2.3242857142857143,0.0,0.008295763893567454,0.10075152220378376,14.836666742960611
2014-04-01,18172,3320,1183,2137,0.18269865727492846,0.35632530120481926,0.107,0.34,0.0,6.2,0.09,2.015125303606169,2.288095238095238,0.0,0.006951384711394004,0.13006050092122606,14.198095321655273
2014-05-01,18098,3321,1174,2147,0.18350093933031275,0.3535079795242397,0.111,0.34,0.0,6.3,0.09,2.166947687079812,2.17,0.0,0.02320648452672569,0.08054449893780255,12.475238028026762
2014-06-01,16186,3125,1068,2057,0.19306808352897567,0.34176,0.1025,0.33,0.0,6.1,0.1,2.0589816945944195,2.146190476190476,0.0,0.02064505395315952,0.056404594998694095,11.541428565979004
2014-07-01,27547,5174,1758,3416,0.18782444549315716,0.33977580208735986,0.1035,0.31,0.0,6.2,0.09,1.9742378703305974,2.0359090909090907,0.0,-0.01343764152581628,0.1032000635165967,12.296363613822244
2014-08-01,17731,3337,1109,2228,0.18820145507867578,0.33233443212466285,0.099,0.3,0.0,6.1,0.09,1.7150983482969062,1.9476190476190476,0.0,0.0394633631947956,0.07737259595638582,13.497142927987236
2014-09-01,9960,1879,644,1235,0.18865461847389559,0.3427354976051091,0.0965,0.29,0.0,5.9,0.09,1.6840509711232077,1.9676190476190476,0.0,-0.01379650665073262,0.09299274810389993,13.466666630336217
2014-10-01,36072,7103,2281,4822,0.1969117320913728,0.3211319160917922,0.103,0.3,0.0,5.7,0.09,1.6095417021513292,1.8586363636363636,0.0,0.023550946100216574,0.18052153946847105,18.01608711740245
2014-11-01,22957,4421,1451,2970,0.19257742736420264,0.3282062881700973,0.131,0.3,0.0,5.8,0.09,1.231524989320798,1.7983333333333331,0.0,0.027472237215337536,0.04283487078382064,13.41315786462081
2014-12-01,9367,1731,627,1104,0.18479769403224083,0.36221837088388215,0.113,0.3,0.0,5.6,0.12,0.6531213919623191,1.5718181818181818,0.0,-0.0025364706513525404,0.15436638572867975,16.3118182962591
2015-01-01,32216,6458,2201,4257,0.2004593990563695,0.3408175905853205,0.0985,0.29,0.0,5.7,0.11,-0.22993097820542818,1.33,0.0,-0.02962945897472935,0.16839098912220557,19.119499969482423
2015-02-01,21656,4198,1382,2816,0.19384927964536386,0.32920438303954264,0.1115,0.27,0.0,5.5,0.11,-0.08703146293520536,1.3563157894736841,0.0,0.05620458212553059,0.0939909043330885,15.904210492184287
2015-03-01,22931,4779,1546,3233,0.20840783219222886,0.3234986398828207,0.095,0.26,0.0,5.4,0.11,-0.022031284423873476,1.4022727272727273,0.0,-0.01570572052745889,0.14135638614907253,14.812727277929133
2015-04-01,31785,6509,2144,4365,0.20478212993550418,0.329390075280381,0.093,0.26,0.0,5.4,0.12,-0.10403098939391064,1.395,0.0,0.009834103650274262,0.08518120119892417,13.494761875697545
2015-05-01,28711,5882,1945,3937,0.20486921389014665,0.3306698401904114,0.081,0.26,0.0,5.6,0.12,0.03503321824429584,1.5885,0.0,0.012856356180454442,0.10717010091844678,13.3385000705719
2015-06-01,25446,5294,1708,3586,0.20804841625402815,0.3226293917642614,0.0745,0.25,0.0,5.3,0.13,0.1795718097550525,1.675,0.0,-0.020312301130329558,0.11119576486312235,14.33954551003196
2015-07-01,41053,8300,2652,5648,0.20217767276447518,0.31951807228915663,0.078,0.24,0.0,5.2,0.13,0.22568611104094582,1.656818181818182,0.0,0.02258932974524197,0.11648806415767031,14.35272723978216
2015-08-01,31701,6339,2040,4299,0.199962146304533,0.3218173213440606,0.0675,0.23,0.0,5.1,0.14,0.2413037985344868,1.4695238095238095,0.0,-0.06095005998026415,0.2677344167176805,19.42809536343529
2015-09-01,25150,5180,1704,3476,0.20596421471172963,0.32895752895752894,0.222,0.29,0.26,5.0,0.14,0.008842961634170088,1.4595238095238094,0.0,-0.025515909002757464,0.22508410198375167,24.3771428607759
2015-10-01,42986,8188,2999,5189,0.1904806215977295,0.3662677088422081,0.126,0.32,0.0,5.0,0.12,0.12761656067050708,1.4252380952380952,0.0,0.08505972520133742,0.12596739197015844,16.789545449343596
2015-11-01,32908,6540,2305,4235,0.19873586969733803,0.35244648318042815,0.122,0.32,0.0,5.1,0.12,0.4363182169185187,1.378421052631579,0.0,0.0036549346246363967,0.12111506606452721,16.209999990463256
2015-12-01,39003,8137,2797,5340,0.20862497756582826,0.3437384785547499,0.103,0.3,0.0,5.0,0.24,0.6387247515364791,1.26,0.0,-0.017282836972550397,0.18198232015571875,18.02545473792336
2016-01-01,28397,5462,2068,3394,0.1923442617177871,0.37861589161479314,0.121,0.3,0.0,4.8,0.34,1.2375025026943876,1.1857894736842105,0.0,-0.04978629619656216,0.2401266227250918,23.717894805105107
2016-02-01,34599,6734,2609,4125,0.19462990259834098,0.3874368874368874,0.2145,0.29,0.0,4.9,0.38,0.8472775790126619,1.046,0.0,-0.0008260387082623666,0.18834907015471675,22.516999816894533
2016-03-01,48938,10595,3979,6616,0.21649842658057133,0.3755545068428504,0.1305,0.29,0.0,5.0,0.36,0.8916160965521946,1.014090909090909,0.0,0.06726579734053795,0.11269015888586148,15.849090966311367
2016-04-01,24105,6174,2467,3707,0.25612943372744246,0.3995788791707159,0.1375,0.31,0.0,5.1,0.37,1.1726257503534843,1.0371428571428571,0.0,0.003941769888411661,0.10232882337615204,14.300476255871
2016-05-01,18110,4741,1996,2745,0.26178906681391495,0.42100822611263444,0.1005,0.29,0.0,4.8,0.37,1.0784764621246223,0.99,0.0,0.017011384474959534,0.11012140859085012,14.852857044764928
2016-06-01,20734,5040,2264,2776,0.24307900067521945,0.4492063492063492,0.096,0.28,0.0,4.9,0.38,1.0792865347959424,0.9127272727272728,0.0,0.003475892187172036,0.18569150031128367,17.774545496160332
2016-07-01,21724,5781,2335,3446,0.26611121340452953,0.4039093582425186,0.124,0.27,0.0,4.8,0.39,0.8683633430518256,0.8314999999999999,0.0,0.03647122241716527,0.07463750873244401,13.158500051498413
2016-08-01,22258,5822,2432,3390,0.2615688741126786,0.41772586739951906,0.0855,0.27,0.0,4.9,0.4,1.0553158595656864,0.8191304347826087,0.0,0.0011974331102644342,0.05481118954192687,12.399565240611201
2016-09-01,16909,4203,1677,2526,0.24856585250458335,0.39900071377587437,0.086,0.28,0.0,5.0,0.4,1.5486446201652182,0.8595238095238096,0.0,5.794658032098887e-05,0.14193340767184168,14.219523793175107
2016-10-01,18957,4256,1857,2399,0.22450809727277524,0.4363251879699248,0.09,0.28,0.0,4.9,0.4,1.685924966243646,0.9215,0.0,-0.017336940990704153,0.06734699367076516,14.58523804800851
2016-11-01,18998,4612,1945,2667,0.2427623960416886,0.4217259323503903,0.088,0.28,0.0,4.7,0.41,1.6843334719788938,1.1625,0.0,0.03683830144888711,0.10534136425521548,15.236190387180873
2016-12-01,19376,4832,1936,2896,0.24938067712634188,0.40066225165562913,0.0795,0.27,0.0,4.7,0.54,2.0507989115119862,1.2952380952380953,0.0,0.02027203132604183,0.08007963634592954,12.472380956013998
2017-01-01,16395,3720,1517,2203,0.22689844464775846,0.40779569892473116,0.068,0.24,0.0,4.7,0.65,2.5103933482571117,1.226,0.0,0.017894524865845085,0.06626822926384114,11.608500003814697
2017-02-01,13468,3127,1287,1840,0.23217998217998218,0.4115765909817717,0.057,0.22,0.0,4.6,0.66,2.8103616813294208,1.2178947368421054,0.0,0.03929162615611892,0.04571187929201788,11.530526361967388
2017-03-01,17011,3904,1618,2286,0.22949855975545236,0.4144467213114754,0.054,0.2,0.0,4.4,0.79,2.44119623655914,1.168695652173913,0.0,0.0012496946951248145,0.08368790141155441,11.897826111834982
2017-04-01,13104,3119,1237,1882,0.2380189255189255,0.3966014748316768,0.0515,0.19,0.0,4.4,0.9,2.176223471915395,1.0563157894736843,0.0,0.00992648312965172,0.07547214369355387,13.136315847698011
2017-05-01,16153,3868,1639,2229,0.23946016219897232,0.4237331954498449,0.049,0.18,0.0,4.4,0.91,1.8563431667619756,1.0018181818181817,0.0,0.014112728581088696,0.07677646749625587,10.862272782759232
2017-06-01,15235,3604,1491,2113,0.2365605513619954,0.4137069922308546,0.0525,0.17,0.0,4.3,1.04,1.640565809959127,0.8445454545454546,0.0,0.006374959787077694,0.0743812907221356,10.513636328957297
2017-07-01,14959,3601,1388,2213,0.24072464736947657,0.38544848653151903,0.044,0.16,0.0,4.3,1.15,1.7251073506566073,0.9455,0.0,0.020554188773425963,0.05580753739880386,10.264499998092651
2017-08-01,15489,3547,1470,2077,0.22900122667699657,0.41443473357767124,0.05,0.16,0.0,4.4,1.16,1.92812155729698,0.8739130434782609,0.0,0.002917754961521357,0.09350297873007138,11.97565215566884
2017-09-01,13406,3350,1133,2217,0.24988810980158138,0.3382089552238806,0.0579999999999999,0.16,0.0,4.3,1.15,2.1805652303711787,0.8175000000000001,0.0,0.02014955512995087,0.054035003942083513,10.437999963760376
2017-10-01,11926,2649,1049,1600,0.22211973838671809,0.395998489996225,0.0515,0.15,0.0,4.2,1.15,2.020757753132485,0.8104761904761905,0.0,0.023563916278467767,0.05015696841794201,10.125454512509434
2017-11-01,12112,2532,1088,1444,0.20904887714663145,0.4296998420221169,0.056,0.16,0.0,4.2,1.16,2.172493864295566,0.6566666666666666,0.0,0.030565739738497077,0.06473529554697004,10.540476163228353
2017-12-01,10063,2148,860,1288,0.21345523203815958,0.40037243947858475,0.0414999999999999,0.15,0.0,4.1,1.3,2.129930719552253,0.5585,0.0,0.01212804871313189,0.05510168812331469,10.264500045776368
2018-01-01,8600,1674,702,972,0.19465116279069766,0.41935483870967744,0.039,0.14,0.0,4.0,1.41,2.151318868063945,0.5519047619047619,0.0,0.056358913606065375,0.08660785124674826,11.062381017775763
2018-02-01,6752,1316,557,759,0.19490521327014218,0.42325227963525835,0.0365,0.13,0.0,4.1,1.42,2.263468931091861,0.6836842105263158,0.0,-0.03636022937749395,0.27730639729879725,22.464736637316253
2018-03-01,7178,1397,579,818,0.19462245750905544,0.41445955619183966,0.113,0.18,0.0,4.0,1.51,2.3309497646499366,0.5666666666666667,0.0,-0.027410256496983698,0.20150552690972875,19.023809750874836
2018-04-01,6924,1362,554,808,0.19670710571923744,0.4067547723935389,0.1455,0.19,0.08,4.0,1.69,2.4709963021052994,0.4847619047619047,0.0,0.005167796055093765,0.1709266772789421,18.26761904216948
2018-05-01,6632,1203,507,696,0.18139324487334138,0.42144638403990026,0.147,0.25,0.0,3.8,1.7,2.781921607842497,0.4659090909090909,0.0,0.024309348120300056,0.10375037558169323,14.124545487490566
2018-06-01,4893,782,311,471,0.15982015123646026,0.3976982097186701,0.109,0.26,0.0,4.0,1.82,2.8075506935940187,0.379047619047619,0.0,0.005750965642697947,0.08519569750547304,13.678095318022228
2018-07-01,4317,530,224,306,0.12277044243687746,0.4226415094339623,0.101,0.26,0.0,3.8,1.91,2.854124785561929,0.28238095238095234,0.0,0.0370462767332278,0.08422142950918363,13.147619065784273
2018-08-01,3569,315,124,191,0.08826001681143178,0.39365079365079364,0.107,0.26,0.0,3.8,1.91,2.6429238568742575,0.2534782608695652,0.0,0.03191992806053845,0.06962697359224876,12.546956518422002
2018-09-01,2423,173,72,101,0.07139909203466777,0.4161849710982659,0.097,0.26,0.0,3.7,1.95,2.332055105808828,0.23631578947368423,0.0,0.005945269837540179,0.055983437450654525,12.910526325828151
2018-10-01,2150,85,49,36,0.03953488372093023,0.5764705882352941,0.0805,0.25,0.0,3.8,2.19,2.492032470218053,0.2913636363636364,0.0,-0.06910392087959161,0.22081874178847072,19.352173639380414
2018-11-01,1632,24,19,5,0.014705882352941176,0.7916666666666666,0.2455,0.28,0.0,3.8,2.2,2.147328577667773,0.258,0.0,0.018549082953825735,0.18786820345224983,19.389047622680664
2018-12-01,1248,13,10,3,0.010416666666666666,0.7692307692307693,0.1955,0.33,0.0,3.9,2.27,2.0023809043401064,0.1563157894736842,0.0,-0.08804854536970974,0.29947933985969233,24.953157726087067
