Feature,Permutation_Importance,Permutation_Std
int_rate,0.07456384161464129,0.008932957746359426
loan_amnt,0.012963177231895107,0.001478761968352112
term_months,0.007920148303912411,0.0034920502489746443
annual_inc,0.006666465440191375,0.0012712529751303715
emp_length_num,0.005363104790363986,0.00029524710741689114
dti,0.0044863023461330824,0.00130806747784987
revol_bal,0.003596189609000248,8.616857036379583e-05
home_ownership_RENT,0.0035320486699768803,0.0005422199574359421
installment,0.002960858935210179,0.0007274410270406792
grade_C,0.00279484709303209,0.0002083705374983883
mo_sin_old_rev_tl_op,0.0027201208029608384,0.0011626289217323642
avg_cur_bal,0.0022415790912277966,0.0009898459909408594
grade_B,0.0019862730006054616,0.0003357203577608392
mort_acc,0.001654563732617076,0.0006244224275940535
total_bc_limit,0.0015870690190042576,0.0009601934864438006
total_acc,0.001543050727517703,0.00016020479853280965
fico_range_low,0.0014129871567203727,0.0011103402314896807
mths_since_recent_inq,0.0012092453504108553,0.0006959657258819357
num_rev_accts,0.00112676345660138,0.0001074566204773973
home_ownership_MORTGAGE,0.0010613648521070236,0.00017143244704538054
total_il_high_credit_limit,0.0010218531952250014,3.817796780539319e-05
total_rev_hi_lim,0.0009766820437232167,0.000257465902992187
percent_bc_gt_75,0.0009529960106852142,0.00011280232205172721
addr_state_CO,0.0008414830055857673,0.00047285450510694855
num_il_tl,0.0008233516617115096,3.3896100124078942e-06
addr_state_WA,0.0007837351993735808,2.1729383696453877e-05
tot_hi_cred_lim,0.0006327105373921856,0.00016091163613189447
purpose_small_business,0.0006232780463593102,0.00027261009170095527
addr_state_NY,0.00057003687475173,8.94977229949223e-05
addr_state_OR,0.0005565169709379111,7.092488058195454e-05
addr_state_CA,0.00046868999887657764,0.0002141002833728029
mo_sin_rcnt_rev_tl_op,0.00046198244969775093,3.244266388621348e-05
verification_status_Source_Verified,0.0003529847755403548,9.051272469177242e-05
mo_sin_old_il_acct,0.00030435504399317637,8.90251868366668e-05
total_bal_ex_mort,0.0002884246146932871,0.00020295559626162986
revol_util,0.00019347087162939017,4.555048161303447e-05
bc_open_to_buy,0.00017963655144785187,0.00013569056778857784
addr_state_GA,0.00016024754210253178,0.00015076460637319884
num_bc_sats,0.00015783701661627644,0.0001404187394007353
collections_12_mths_ex_med,0.00015322557655583768,7.124258311214346e-05
sub_grade_C1,0.00014379308552303627,0.000133588193207743
bc_util,0.0001393912563743364,0.00041371183440480603
addr_state_KS,0.00011528600151256008,0.00011528876453236119
purpose_credit_card,0.00011088417236397123,2.644256399535721e-05
purpose_moving,0.00010061323768384423,2.774000659030835e-05
num_rev_tl_bal_gt_0,8.918944298848726e-05,6.819976982914812e-05
purpose_other,8.111942288258067e-05,2.193415695444093e-06
addr_state_TX,7.598395554242465e-05,8.321143999955136e-05
pub_rec,7.158212639383581e-05,8.031367297476421e-05
sub_grade_A4,6.571302086222364e-05,5.865586007397566e-05
addr_state_VT,5.8376638947773195e-05,1.8000317984914174e-05
addr_state_DC,4.957298065048447e-05,3.344295952175556e-05
addr_state_IL,4.779128789985284e-05,9.413712163087665e-05
sub_grade_B4,4.68480387965838e-05,1.4311989924520376e-05
sub_grade_B2,3.877801869067721e-05,2.3176465346395034e-05
addr_state_CT,3.8463602322846846e-05,2.6647392600549768e-05
purpose_vacation,3.741554776370837e-05,1.902327291972682e-05
home_ownership_OWN,3.406177317422099e-05,3.1806686043569704e-05
sub_grade_A2,3.343294043870829e-05,1.3734714011838951e-05
sub_grade_C3,2.7249418539450804e-05,4.32885864928458e-06
purpose_debt_consolidation,2.6935002171620443e-05,1.608618652846638e-05
num_tl_90g_dpd_24m,2.6515780348031665e-05,6.259246468043122e-05
pub_rec_bankruptcies,2.1170702096062755e-05,0.00010207782395259611
sub_grade_E5,2.0856285728232393e-05,1.3000101873662715e-05
addr_state_MT,1.2995876534249717e-05,7.775406515632574e-06
sub_grade_B3,1.0899767415750716e-05,1.9477467311160383e-05
grade_E,4.716245516456219e-06,2.0453987009943332e-05
open_acc,4.61144006058678e-06,3.607470170995495e-05
addr_state_SD,4.297023692756419e-06,6.0769091841346465e-06
sub_grade_B5,4.192218236960994e-06,7.446352044089488e-06
addr_state_KY,1.8864982066861085e-06,1.5615661231802124e-06
sub_grade_E1,1.6768872947621933e-06,6.378512053741823e-06
tax_liens,1.4672763829122932e-06,1.1576140972385276e-06
num_bc_tl,8.384436474366078e-07,0.00018300083029165783
addr_state_VA,4.192218236998002e-07,3.418650514588518e-06
purpose_medical,3.1441636779335386e-07,2.3528766498763317e-06
application_type_Joint_App,0.0,0.0
addr_state_PA,0.0,0.0
addr_state_MI,0.0,0.0
addr_state_NE,0.0,0.0
addr_state_HI,0.0,0.0
addr_state_IN,0.0,0.0
addr_state_ME,0.0,0.0
addr_state_OH,0.0,0.0
addr_state_UT,0.0,0.0
addr_state_RI,0.0,0.0
addr_state_ND,0.0,0.0
acc_now_delinq,0.0,0.0
chargeoff_within_12_mths,0.0,0.0
delinq_amnt,0.0,0.0
policy_code,0.0,0.0
fico_range_high,0.0,0.0
disbursement_method_DirectPay,0.0,0.0
sub_grade_G3,0.0,0.0
sub_grade_G4,0.0,0.0
sub_grade_G5,0.0,0.0
sub_grade_F3,0.0,0.0
grade_G,0.0,0.0
sub_grade_A5,0.0,0.0
num_tl_30dpd,0.0,0.0
sub_grade_F1,0.0,0.0
sub_grade_E4,0.0,0.0
sub_grade_G2,0.0,0.0
sub_grade_F5,0.0,0.0
num_tl_120dpd_2m,0.0,0.0
sub_grade_A3,0.0,0.0
sub_grade_B1,0.0,0.0
addr_state_NC,0.0,0.0
addr_state_NM,0.0,0.0
sub_grade_E3,0.0,0.0
sub_grade_E2,0.0,0.0
sub_grade_D5,0.0,0.0
purpose_house,0.0,0.0
addr_state_IA,0.0,0.0
addr_state_DE,0.0,0.0
addr_state_MA,0.0,0.0
addr_state_ID,0.0,0.0
purpose_wedding,0.0,0.0
addr_state_AZ,0.0,0.0
sub_grade_F4,0.0,0.0
sub_grade_G1,0.0,0.0
home_ownership_OTHER,0.0,0.0
home_ownership_NONE,0.0,0.0
sub_grade_D3,0.0,0.0
sub_grade_D4,0.0,0.0
purpose_renewable_energy,0.0,0.0
purpose_educational,0.0,0.0
purpose_major_purchase,0.0,0.0
purpose_home_improvement,0.0,0.0
addr_state_WY,-9.432491031950244e-07,2.9157774433836645e-06
sub_grade_F2,-1.467276382875286e-06,2.0750421604119673e-06
sub_grade_D2,-2.0961091183139637e-06,1.626140325319457e-05
addr_state_MO,-3.4585800452828033e-06,6.792169836451461e-07
grade_F,-4.297023692645396e-06,1.3330495944607026e-05
addr_state_AR,-6.183521899183475e-06,0.00011507133157406178
pct_tl_nvr_dlq,-1.1947821974852188e-05,0.0005004201627569809
addr_state_MN,-1.2576654710438895e-05,1.7786075660786158e-05
sub_grade_C5,-1.299587653406468e-05,3.740835454089602e-06
addr_state_WV,-1.404393109331418e-05,0.0001712066333725669
addr_state_NJ,-1.8131343874146683e-05,0.0001799531957569599
sub_grade_C2,-2.117070209584071e-05,0.0001347401213104218
num_accts_ever_120_pd,-2.379083849387194e-05,5.740220749392522e-05
num_op_rev_tl,-2.441967122931062e-05,2.9635677005045767e-05
num_actv_rev_tl,-3.165124768792863e-05,7.767477321718265e-05
sub_grade_C4,-3.448099499773575e-05,3.083881618432328e-05
addr_state_NH,-3.741554776356034e-05,6.83550150251441e-05
addr_state_TN,-4.192218236816666e-05,8.37526097558447e-06
addr_state_NV,-4.433270785427398e-05,0.00010881017313246455
addr_state_WI,-4.8524926091123945e-05,3.795491638659845e-05
verification_status_Verified,-5.0411424297699035e-05,1.9204867003192497e-05
addr_state_LA,-5.1249867945061624e-05,5.2692656252644176e-05
addr_state_MS,-5.89006662271944e-05,4.7546806007766e-05
num_sats,-7.388784642385164e-05,5.320794533745929e-05
addr_state_MD,-8.216747744160813e-05,1.4397691228995559e-05
addr_state_FL,-8.227228289744055e-05,0.00013656082537400597
tot_coll_amt,-0.00010071804313949162,4.122439710642709e-05
addr_state_SC,-0.00010470065046449169,8.304918176543175e-05
addr_state_OK,-0.0001275482398552056,9.07737472733054e-05
inq_last_6mths,-0.00017009925495888498,3.677730820753271e-05
num_actv_bc_tl,-0.0001805798005509359,0.0003877968137933784
addr_state_AL,-0.00021369832462185082,8.545199587523607e-05
sub_grade_D1,-0.0003062415421996034,1.2688820397233456e-05
tot_cur_bal,-0.0003412465644770564,0.00019077662033264515
initial_list_status_w,-0.00035298477554013274,0.00011600226550235498
mths_since_recent_bc,-0.0003798149722557727,0.00022447346954938043
delinq_2yrs,-0.0003800245831676226,0.00013620685758459678
grade_D,-0.0006650954232714964,8.030710793623597e-05
mo_sin_rcnt_tl,-0.000895772231752486,0.000593393072121457
cr_hist_years,-0.001287325415071483,0.00030849638609367424
num_tl_op_past_12m,-0.0014087949384832636,0.00019634663729706846
acc_open_past_24mths,-0.006510095699957863,0.0012148658226346083
