Feature,Captured_Mean_SHAP,Stealth_Mean_SHAP,SHAP_Difference
int_rate,0.48668510289747485,-0.11437636199277876,-0.6010614648902536
term_months,0.159258717186856,-0.08960695236467502,-0.248865669551531
acc_open_past_24mths,0.04370698558938399,-0.01932442852243105,-0.06303141411181504
dti,0.03370339645982697,-0.027351055541655785,-0.061054452001482754
loan_amnt,0.0469498489028863,-0.007209238021094357,-0.05415908692398066
annual_inc,0.03263118030914626,-0.012800004401525346,-0.045431184710671604
fico_range_low,0.015084740885049167,-0.030277576036560554,-0.04536231692160972
mo_sin_old_rev_tl_op,0.028398803982104967,0.007096840020185708,-0.02130196396191926
total_bc_limit,0.011060745398550217,-0.00991664588407451,-0.020977391282624727
emp_length_num,0.03833483281835275,0.017810705030755138,-0.020524127787597615
grade_B,0.011524982280969244,-0.006157065654287334,-0.01768204793525658
home_ownership_RENT,0.007749331465257796,-0.009858352815815404,-0.017607684281073198
mort_acc,0.024656121301284188,0.0071835658324897805,-0.017472555468794407
installment,0.012566828168794567,-0.0037870011601576505,-0.016353829328952216
avg_cur_bal,0.01567909367270792,0.0008574106138322628,-0.014821683058875657
mths_since_recent_bc,0.009444642593239284,-0.005206143182677451,-0.014650785775916735
grade_C,0.007409162366170516,-0.005067443147977187,-0.012476605514147704
mths_since_recent_inq,0.014056824794409558,0.003452565817083226,-0.010604258977326333
num_rev_tl_bal_gt_0,-0.006179137233566359,-0.014660171377205072,-0.008481034143638714
num_tl_op_past_12m,0.005652593921915124,-0.0023854112630541336,-0.008038005184969258
percent_bc_gt_75,-0.006551971145274817,-0.013487985816992275,-0.0069360146717174585
total_rev_hi_lim,0.00496572149816356,-0.0019415688051612043,-0.006907290303324765
initial_list_status_w,0.012842030153237188,0.006691262894588172,-0.006150767258649016
mo_sin_rcnt_tl,0.0026093116481481307,-0.0033302339077035813,-0.005939545555851712
home_ownership_MORTGAGE,0.005877919480588126,0.0003019401403400983,-0.005575979340248028
addr_state_CO,0.001026877708145753,-0.003030362126596834,-0.004057239834742587
inq_last_6mths,0.0014420710084530758,-0.0020940218628983836,-0.003536092871351459
num_actv_rev_tl,-0.0005164045633904869,-0.004025652438160234,-0.003509247874769747
revol_bal,0.023497411819035828,0.020062183532225705,-0.0034352282868101228
delinq_2yrs,-0.005277697502875815,-0.008420427020866856,-0.003142729517991041
tot_hi_cred_lim,0.004625680072215202,0.0015047162358973456,-0.003120963836317856
bc_open_to_buy,-0.001055885288552601,-0.003990443344988142,-0.002934558056435541
revol_util,-0.0021950290938540945,-0.004368600487215646,-0.0021735713933615512
sub_grade_C2,0.0007665464404515361,-0.0008792506885278205,-0.0016457971289793568
addr_state_SC,0.0012037106920449539,-0.0004166128114609275,-0.0016203235035058814
addr_state_NY,0.0003268312460806911,-0.0012455110997571586,-0.0015723423458378497
sub_grade_C1,0.0010983793589340464,-0.0003458583946240863,-0.0014442377535581327
num_rev_accts,0.005235830097399957,0.0038878534457976524,-0.001347976651602305
num_actv_bc_tl,-0.00013205088403299761,-0.0013022454390586458,-0.001170194555025648
addr_state_WA,0.0017066400244593878,0.0005857987925918178,-0.0011208412318675699
addr_state_OR,0.001784098983477808,0.0007738084749207243,-0.0010102905085570837
addr_state_CA,-0.0016110970690874414,-0.0024263258340251393,-0.0008152287649376979
pct_tl_nvr_dlq,0.005281497451822801,0.004597165680778754,-0.000684331771044047
num_bc_tl,0.0001876372953766897,-0.00045599196800463954,-0.0006436292633813293
addr_state_OK,0.00027346564444071864,-0.0003659039468025026,-0.0006393695912432212
num_accts_ever_120_pd,0.00045485705253952506,-0.00018289489254639862,-0.0006377519450859237
addr_state_LA,0.00023039912645204052,-0.00033328644024638803,-0.0005636855666984286
num_tl_90g_dpd_24m,0.00041833673004946386,-0.00013003326075363718,-0.0005483699908031011
addr_state_IL,0.0010312145449879683,0.0005339810752795601,-0.0004972334697084082
sub_grade_C4,0.00014029515142351614,-0.00020773337712079736,-0.00034802852854431347
purpose_credit_card,2.896292646319429e-05,-0.0003141950445892181,-0.0003431579710524124
pub_rec,0.0010565507031994514,0.0007890289240498005,-0.0002675217791496509
grade_F,-7.633342211572743e-07,-0.0002595155408898401,-0.0002587522066686828
addr_state_MN,0.00021505867503804487,-6.350719987172221e-06,-0.0002214093950252171
purpose_vacation,0.0003646158220935586,0.00015709682330990212,-0.00020751899878365646
tot_coll_amt,0.00017549144038633653,2.4698956307432107e-05,-0.00015079248407890442
home_ownership_OWN,-3.885659957252849e-05,-0.0001885645926301559,-0.0001497079930576274
sub_grade_C5,2.3803241240133554e-05,-0.00011938297493660258,-0.00014318621617673613
addr_state_WI,2.8279610993384103e-05,-0.00011369592789544303,-0.00014197553888882714
addr_state_DC,0.00026119574175887,0.00012840901735600653,-0.00013278672440286349
addr_state_MD,0.0001662462784921044,4.3706081055007126e-05,-0.00012254019743709727
sub_grade_B2,4.425889035785161e-05,-6.883385081457673e-05,-0.00011309274117242834
sub_grade_B3,0.00014951162345700525,4.18332917676829e-05,-0.00010767833168932235
num_sats,0.0003604447910910066,0.0002771536027597593,-8.329118833124728e-05
sub_grade_E5,5.08109078610302e-05,-1.0816587652784345e-05,-6.162749551381455e-05
total_acc,0.0052719867996567655,0.00521279331658723,-5.919348306953568e-05
addr_state_WY,5.360322315673272e-06,-4.3798266309544766e-05,-4.915858862521804e-05
num_op_rev_tl,2.2162935754497356e-05,-2.057418443103505e-05,-4.2737120185532405e-05
sub_grade_E1,4.535142573142406e-05,8.839581479875456e-06,-3.6511844251548604e-05
purpose_wedding,0.0002863184210022442,0.00025128648085150925,-3.503194015073497e-05
addr_state_FL,0.00022698744684229152,0.00019757379172619712,-2.94136551160944e-05
purpose_debt_consolidation,4.152771681107027e-05,1.2320450342871424e-05,-2.9207266468198845e-05
tax_liens,-9.374740830891201e-06,-1.963083208907047e-05,-1.025609125817927e-05
addr_state_SD,-1.0875643421760088e-06,-4.796095166866381e-06,-3.7085308246903722e-06
addr_state_MT,1.1462465892948862e-05,8.083979563730057e-06,-3.3784863292188045e-06
pub_rec_bankruptcies,0.00045347887301134827,0.00045080738006837327,-2.6714929429750016e-06
addr_state_AZ,0.0,0.0,0.0
purpose_educational,0.0,0.0,0.0
num_tl_120dpd_2m,0.0,0.0,0.0
grade_G,0.0,0.0,0.0
acc_now_delinq,0.0,0.0,0.0
delinq_amnt,0.0,0.0,0.0
purpose_renewable_energy,0.0,0.0,0.0
purpose_house,0.0,0.0,0.0
purpose_home_improvement,0.0,0.0,0.0
addr_state_DE,0.0,0.0,0.0
home_ownership_NONE,0.0,0.0,0.0
sub_grade_G4,0.0,0.0,0.0
sub_grade_E4,0.0,0.0,0.0
sub_grade_G3,0.0,0.0,0.0
sub_grade_G1,0.0,0.0,0.0
home_ownership_OTHER,0.0,0.0,0.0
purpose_major_purchase,0.0,0.0,0.0
num_tl_30dpd,0.0,0.0,0.0
sub_grade_A3,0.0,0.0,0.0
sub_grade_A5,0.0,0.0,0.0
sub_grade_G5,0.0,0.0,0.0
addr_state_IN,0.0,0.0,0.0
addr_state_ID,0.0,0.0,0.0
addr_state_IA,0.0,0.0,0.0
application_type_Joint_App,0.0,0.0,0.0
disbursement_method_DirectPay,0.0,0.0,0.0
addr_state_UT,0.0,0.0,0.0
addr_state_MI,0.0,0.0,0.0
addr_state_HI,0.0,0.0,0.0
addr_state_NE,0.0,0.0,0.0
addr_state_NC,0.0,0.0,0.0
addr_state_MA,0.0,0.0,0.0
addr_state_ND,0.0,0.0,0.0
addr_state_RI,0.0,0.0,0.0
addr_state_OH,0.0,0.0,0.0
addr_state_PA,0.0,0.0,0.0
addr_state_ME,0.0,0.0,0.0
sub_grade_E3,0.0,0.0,0.0
policy_code,0.0,0.0,0.0
sub_grade_F1,0.0,0.0,0.0
sub_grade_G2,0.0,0.0,0.0
sub_grade_F3,0.0,0.0,0.0
sub_grade_F4,0.0,0.0,0.0
sub_grade_F5,0.0,0.0,0.0
sub_grade_B1,0.0,0.0,0.0
sub_grade_D4,0.0,0.0,0.0
sub_grade_E2,0.0,0.0,0.0
sub_grade_D5,0.0,0.0,0.0
sub_grade_D3,0.0,0.0,0.0
chargeoff_within_12_mths,0.0,0.0,0.0
fico_range_high,0.0,0.0,0.0
addr_state_KY,-1.416213120543009e-05,-1.2350671493243752e-05,1.8114597121863378e-06
sub_grade_F2,-8.681116624985882e-06,-6.767929803258026e-06,1.9131868217278555e-06
purpose_moving,0.0002495431987878384,0.0002531691485387172,3.625949750878793e-06
addr_state_MO,-7.914645391939894e-06,-3.925337323961462e-06,3.989308067978431e-06
addr_state_NM,-1.011601321379282e-05,1.48341980337623e-06,1.159943301716905e-05
sub_grade_C3,2.7861508809901824e-05,4.5696055020374085e-05,1.783454621047226e-05
addr_state_VA,-1.9319222388290254e-05,-7.232613634360907e-07,1.8595961024854162e-05
addr_state_CT,-4.198504593943434e-05,1.864323319551601e-05,6.0628279134950346e-05
addr_state_NJ,-0.00031743118209194993,-0.0002563395376615214,6.109164443042855e-05
sub_grade_A2,-4.679058464718958e-05,1.4892050923487479e-05,6.168263557067706e-05
open_acc,0.0002657846137106196,0.00032998565679746573,6.420104308684611e-05
addr_state_TN,1.2572035429208181e-05,0.0001015731719251251,8.900113649591692e-05
purpose_medical,5.332677428222362e-05,0.00014510998436681512,9.17832100845915e-05
addr_state_MS,-7.073899154329685e-05,3.3420285440547014e-05,0.00010415927698384386
grade_E,-0.00036410967237002163,-0.00025280280533031225,0.00011130686703970938
addr_state_NV,0.00032501916390688867,0.0004551464697795763,0.00013012730587268765
addr_state_TX,-7.24502392803222e-05,0.00012064532555885015,0.00019309556483917235
sub_grade_B5,-3.644232712733721e-05,0.00016047185941897392,0.00019691418654631113
addr_state_KS,0.0005628311292255052,0.000783766373019853,0.0002209352437943479
sub_grade_D2,-0.0003174686537191555,-7.853539010022703e-05,0.00023893326361892848
purpose_small_business,0.0012432215935274287,0.0014978459485518805,0.00025462435502445185
addr_state_VT,-2.2997540950847207e-05,0.0002324599324395127,0.0002554574733903599
addr_state_AR,-2.088226249617881e-05,0.0002570705862328866,0.0002779528487290654
total_bal_ex_mort,-0.0001507299863284901,0.00017648123104501136,0.00032721121737350146
addr_state_AL,0.00015172887282497328,0.0004919474644985765,0.0003402185916736032
sub_grade_B4,-0.0001973573384441764,0.00014319161117621462,0.00034054894962039104
purpose_other,0.0002726612238807158,0.0006316475336041168,0.000358986309723401
sub_grade_A4,-0.00016706635013185472,0.00021460619267464945,0.00038167254280650417
bc_util,0.002136525323496786,0.002542193668253575,0.0004056683447567892
mo_sin_old_il_acct,0.001818025806637509,0.0023210527980385472,0.0005030269914010383
verification_status_Verified,0.0001522595477187164,0.0006734179693166281,0.0005211584215979117
total_il_high_credit_limit,0.0013003528468025765,0.0018550564535513502,0.0005547036067487738
num_bc_sats,0.0001996976368732622,0.000782885901063423,0.0005831882641901607
cr_hist_years,-0.0015121493723217222,-0.0008866974581149067,0.0006254519142068156
tot_cur_bal,-0.0016129188254748459,-0.0008534771732922404,0.0007594416521826055
addr_state_WV,-0.0006938223995201499,8.387685513966146e-05,0.0007776992546598113
collections_12_mths_ex_med,-0.00021584264663175115,0.0006055807098802984,0.0008214233565120495
addr_state_GA,-0.0006678923289950078,0.000368314141818553,0.001036206470813561
addr_state_NH,-0.0006507374454316008,0.0004625578649866384,0.0011132953104182391
verification_status_Source_Verified,0.0025202730874367596,0.00371413464407273,0.0011938615566359704
sub_grade_D1,-0.0016621664866697957,-0.00031976626730287816,0.0013424002193669175
num_il_tl,-0.0002870392239384504,0.0017336582380672047,0.002020697462005655
mo_sin_rcnt_rev_tl_op,0.0019512415524571792,0.004086595377726867,0.002135353825269688
grade_D,-0.0033421462007261296,0.0026006448810869313,0.005942791081813061
